Boite Thierry (Brood- & banketbakkerijen);Rue de l'Egalité 487, 4630 Soumagne;04 377 64 51;TODO;TODO
Boulangerie - Patisserie Toussaint - Gillet (Brood- & banketbakkerijen);Rue de la Gare 93, 6880 Bertrix;061 41 34 13;TODO;TODO
Boulangerie DELHAYE (Brood- & banketbakkerijen);Route du Condroz 100 bC, 4121 Neuville-en-Condroz (Neupré);TODO;TODO;www.delhaye.be
Boulangerie au Vieux Marché (Brood- & banketbakkerijen);Rue du Vieux Marché 3, 6690 Vielsalm;080 21 42 46;TODO;TODO
Bakkerij Vanbroekhoven (Brood- & banketbakkerijen);Vrijheid 37, 2370 Arendonk;014 82 00 42;info@bakkerij-vanbroekhoven.be;TODO
Au Pain d'Antan (Brood- & banketbakkerijen);Rue Maurice des Ombiaux 2, 6530 Thuin;TODO;TODO;TODO
Fabrice & Laurence (Brood- & banketbakkerijen);Rue d'Ecaussinnes 45, 7090 Braine-le-Comte;067 55 27 76;TODO;TODO
't Boke (Brood- & banketbakkerijen);Eikenstraat 14, 2840 Reet (Rumst);03 888 63 00;marleenreyniers@tboke.be;www.tboke.be
Bitaine (Brood- & banketbakkerijen);Grand'Place 1, 6747 Saint-Léger;063 57 00 95;TODO;www.bitaine.be
Briamont (Brood- & banketbakkerijen);Rue d'Andrimont 70-72, 4820 Dison;087 35 18 26;TODO;TODO
Boulangerie L'Ette-Vandermeer (Brood- & banketbakkerijen);Rue Provinciale 576, 4458 Fexhe-Slins (Juprelle);04 278 11 68;lettedomi@msn.com;TODO
Boulangerie Carolyn (Brood- & banketbakkerijen);Place Emile Vandervelde 56, 4420 Montegnée (Saint-Nicolas);04 247 59 99;TODO;TODO
Bon.Comme (Brood- & banketbakkerijen);Rue de la Houssière 77, 1435 Hévillers (Mont-Saint-Guibert);010 65 76 74;TODO;TODO
Bultot Laurent (Brood- & banketbakkerijen);Rue de la Chasse 48, 6900 Aye (Marche-en-Famenne);084 46 85 04;laurent_bultot98@hotmail.com;TODO
Boulangerie Ladon (Brood- & banketbakkerijen);Lagestraat 16, 7711 Dottignies (Mouscron);056 33 79 02;foxmouscron@live.be;TODO
Bandin Cl (Brood- & banketbakkerijen);Rue Sainte-Catherine 1, 1380 Plancenoit (Lasne);02 633 10 05;TODO;TODO
Bitaine (Brood- & banketbakkerijen);Grand'Place 1, 6747 Saint-Léger;063 57 00 95;TODO;www.bitaine.be
Bakkerij De Winter (Brood- & banketbakkerijen);Kerkstraat 126, 1851 Humbeek (Grimbergen);TODO;TODO;TODO
Argana (Brood- & banketbakkerijen);Ninoofse Steenweg 328, 1070 Anderlecht;0475 94 30 22;TODO;TODO
Bakkerij Copain (Brood- & banketbakkerijen);Roeselaarsestraat 88, 8870 Izegem;051 33 20 33;info@bakkerijcopain.be;www.bakkerijcopain.be
Bakkerij Pede (Brood- & banketbakkerijen);Rozebekeplein 11, 9630 Rozebeke (Zwalm);055 49 64 62;info@kloosterhoeve.com;www.kloosterhoeve.com
Boeckx (Brood- & banketbakkerijen);Rue Saint-Hubert 8, 5590 Ciney;083 21 25 70;TODO;TODO
B.S. sprl (Brood- & banketbakkerijen);Rue Grande 19A, 5070 Le Roux (Fosses-la-Ville);071 71 23 86;sold576@hotmail.com;TODO
3 B's (De) (Brood- & banketbakkerijen);Strandlaan 278, 8670 Koksijde;058 51 16 04;info@dedriebs.be;www.dedriebs.be
Boulangerie de l'Ermite (Brood- & banketbakkerijen);Chaussée d'Alsemberg 963, 1420 Braine-l'Alleud (Braine l'Alleud);02 351 02 23;TODO;TODO
Boulangerie-Patisserie Vander Cammen (Brood- & banketbakkerijen);Avenue du Prince de Liège 2, 5100 Jambes (Namur);081 31 36 00;info@vandercammen.be;www.vandercammen.be
Eykens G (Brood- & banketbakkerijen);Vonckstraat 27, 2270 Herenthout;014 51 13 21;TODO;TODO
Fabrice & Laurence (Brood- & banketbakkerijen);Graaf de Brigodestraat 45, 3500 Sint-Lambrechts-Herk (Hasselt);011 31 55 85;TODO;www.bakkerijvanderstraeten.be
Grymonprez I (Brood- & banketbakkerijen);Bruggesteenweg 90, 8760 Meulebeke;051 48 52 35;TODO;TODO
Boulangerie Carolyn (Brood- & banketbakkerijen);Place Emile Vandervelde 56, 4420 Montegnée (Saint-Nicolas);04 247 59 99;TODO;TODO
Bofo (Brood- & banketbakkerijen);Rue Grétry 107, 4020 Liège;04 342 13 98;TODO;TODO
Bakkerij Van Trier (Brood- & banketbakkerijen);Langestraat 4, 9150 Kruibeke;03 774 12 11;TODO;TODO
Au Pin d'Izel (Brood- & banketbakkerijen);Rue de l'Institut 9, 6810 Izel (Chiny);061 31 13 49;TODO;TODO
Boulangerie Canone (Brood- & banketbakkerijen);Chaussée du Roeulx 118A, 7060 Soignies;067 33 30 70;boulangerie.canone@gmail.com;canone.be
Boulangerie du 421 (Brood- & banketbakkerijen);Chaussée d'Alsemberg 421, 1420 Braine-l'Alleud (Braine l'Alleud);02 384 06 40;TODO;TODO
Fruit d'une Passion (Brood- & banketbakkerijen);Pakenstraat 38, 3001 Heverlee (Leuven);016 84 66 87;info@fruitdunepassion.be;TODO
't Bakkerke /Calie F (Brood- & banketbakkerijen);Kloosterstraat 87, 2180 Ekeren (Antwerpen);03 541 15 90;frank.calie@skynet.be;TODO
Boulangerie Delhaye (Brood- & banketbakkerijen);Rue des Combattants 64, 6900 On (Marche-en-Famenne);084 22 35 30;TODO;www.delhaye.be
Bakkerij Vanmaele (Brood- & banketbakkerijen);Dorpsstraat 19, 8432 Leffinge (Middelkerke);059 30 02 75;TODO;TODO
Franky's Bakery (Brood- & banketbakkerijen);Dorpskring 9, 3210 Lubbeek;016 63 36 85;TODO;TODO
Boulangerie de la Place (Brood- & banketbakkerijen);Place de l'Armistice 18, 5170 Bois-de-Villers (Profondeville);081 43 35 99;TODO;www.boulangerielefranc.be
Goudain (Brood- & banketbakkerijen);Kruisdagenlaan 104, 1200 Sint-Lambrechts-Woluwe;TODO;TODO;TODO
Bakkerietje ('t) (Brood- & banketbakkerijen);Pand 261, 8790 Waregem;056 60 49 40;TODO;TODO
3 B's (De) (Brood- & banketbakkerijen);Strandlaan 278, 8670 Koksijde;058 51 16 04;info@dedriebs.be;www.dedriebs.be
Braem (Brood- & banketbakkerijen);Van Maerlantstraat 4, 2060 Antwerpen;TODO;TODO;TODO
't Ardeens Boerke (Brood- & banketbakkerijen);Lichterveldestraat 135, 8610 Kortemark;051 56 82 09;TODO;TODO
't Bagettje (Brood- & banketbakkerijen);Aalbeeksesteenweg 42, 8500 Kortrijk;056 22 72 76;TODO;TODO
't Baguetje (Brood- & banketbakkerijen);Oudenaardsesteenweg 152, 8500 Kortrijk;056 21 21 52;TODO;TODO
't Baguetje (Brood- & banketbakkerijen);Izegemstraat 69, 8770 Ingelmunster;051 69 08 21;TODO;www.baguetjeingelmunster.be
'T Baguetje (Brood- & banketbakkerijen);Grote Leiestraat 72, 8570 Anzegem;056 44 01 20;TODO;www.tbaguetje.be
't Baguetje (Brood- & banketbakkerijen);Posterijstraat 12, 8793 Sint-Eloois-Vijve (Waregem);056 60 28 65;johnvanglabeke@hotmail.com;TODO
't Baguetje (Brood- & banketbakkerijen);Avelgemstraat 107C, 8550 Zwevegem;056 71 64 20;TODO;TODO
't Baguetje (Brood- & banketbakkerijen);Iepersestraat 384, 8800 Roeselare;051 24 64 07;TODO;TODO
't Baguetje Hooglede (Brood- & banketbakkerijen);Roeselarestraat 60, 8830 Hooglede;051 69 70 95;mario.iemants@telenet.be;TODO
't Bakhuis (Brood- & banketbakkerijen);Weg naar As 160, 3600 Genk;089 30 55 87;TODO;TODO
't Bakjuweel (Brood- & banketbakkerijen);Bruulstraat 24, 2222 Itegem (Heist-op-den-Berg);0494 80 34 22;eva@bakjuweel.be;www.bakjuweel.be
't Bakkerietje (Brood- & banketbakkerijen);Statiestraat 60, 8570 Anzegem;056 75 30 72;TODO;TODO
't Bakkerietje (Brood- & banketbakkerijen);Brugsesteenweg 123, 8800 Roeselare;051 22 01 84;TODO;TODO
't Bakkerke (Brood- & banketbakkerijen);Hasseltsesteenweg 73, 3580 Beringen;011 43 28 94;filip.drees@telenet.be;TODO
't Bakkerke /Calie F (Brood- & banketbakkerijen);Kloosterstraat 87, 2180 Ekeren (Antwerpen);03 541 15 90;frank.calie@skynet.be;TODO
't Bakkershuizeke (Brood- & banketbakkerijen);Over d'Aa 177, 2910 Essen;03 663 45 40;tbakkershuizeke@gmail.com;www.tbakkershuizeke.be
'T Bakkershuys (Brood- & banketbakkerijen);Dorpsstraat 8 bA, 3910 Sint-Huibrechts-Lille (Neerpelt);0479 33 50 29;TODO;TODO
't Bakkershuys-Mario's (Brood- & banketbakkerijen);Langestraat 46, 2235 Houtvenne (Hulshout);016 85 05 60;mario.put@telenet.be;www.bakkershuys.be/home2.php
't Bekkerke (Brood- & banketbakkerijen);Dorpsstraat 49, 3520 Zonhoven;011 81 64 27;TODO;TODO
't Belfort (Brood- & banketbakkerijen);Rijselstraat 6, 8900 Ieper;057 20 03 43;johan.dequeker@skynet.be;TODO
't Bergsken Op (Brood- & banketbakkerijen);Winterkeer 27, 1570 Tollembeek (Galmaarden);054 58 05 24;TODO;TODO
't Biezenhof (Brood- & banketbakkerijen);Biezenstraat 95, 8800 Roeselare;051 24 57 47;TODO;TODO
't Boke (Brood- & banketbakkerijen);Eikenstraat 14, 2840 Reet (Rumst);03 888 63 00;marleenreyniers@tboke.be;www.tboke.be
't Bolleke (Brood- & banketbakkerijen);Noordstraat 75, 8800 Roeselare;051 22 63 52;devolder.lippens@telenet.be;TODO
't Bolleke (Brood- & banketbakkerijen);Kerkstraat 18, 3930 Hamont (Hamont-Achel);011 44 88 81;TODO;TODO
't Boterkoekje (Brood- & banketbakkerijen);Stationsstraat 4A, 3980 Tessenderlo;013 67 30 16;TODO;TODO
't Boterkoekske (Brood- & banketbakkerijen);Nieuwstraat 14, 9100 Sint-Niklaas;03 776 93 11;TODO;TODO
't Breumelke (Brood- & banketbakkerijen);Luikersteenweg 54, 3700 Tongeren;012 39 57 82;TODO;TODO
't Broodhuisje (Brood- & banketbakkerijen);Vierde Regiment Karabiniersstraat 11, 8980 Passendale (Zonnebeke);TODO;TODO;TODO
't Broodhuysch (Brood- & banketbakkerijen);Konijnenpijp 75, 3920 Lommel;011 74 84 83;t_broodhuysch@hotmail.com;TODO
't Broodkorfje (Brood- & banketbakkerijen);Herentalsesteenweg 14, 2275 Poederlee (Lille);014 88 26 25;TODO;TODO
't Broodplankje (Brood- & banketbakkerijen);Diepstraat 59, 3511 Kuringen (Hasselt);011 87 20 61;TODO;TODO
't Carreeke (Brood- & banketbakkerijen);Jaak Lemmenslaan 26, 2260 Zoerle-Parwijs (Westerlo);014 54 30 34;TODO;TODO
't Croissanke (Brood- & banketbakkerijen);Driekoningenstraat 85, 2600 Berchem (Antwerpen);03 218 41 61;TODO;TODO
't Croissanterietje (Brood- & banketbakkerijen);Stationsstraat 50, 3970 Leopoldsburg;011 34 58 36;TODO;TODO
't Croissanterietje (Brood- & banketbakkerijen);Zuidstraat 32, 8800 Roeselare;051 20 23 16;TODO;TODO
't Croissanterietje (Brood- & banketbakkerijen);Blauwstraat 9, 2850 Boom;TODO;TODO;TODO
'T CROISSANTJE (Brood- & banketbakkerijen);Oostendestraat 5, 8820 Torhout;050 21 23 76;TODO;TODO
't Croissantrietje (Brood- & banketbakkerijen);Onze-Lieve-Vrouwstraat 22, 3740 Bilzen;089 50 31 83;TODO;TODO
't Croontje (Brood- & banketbakkerijen);Tritsstraat 3, 1910 Kampenhout;016 65 53 58;TODO;TODO
't Dijkje (Brood- & banketbakkerijen);Steensedijk 537, 8400 Oostende;TODO;TODO;TODO
't Donutje (Brood- & banketbakkerijen);Stationsstraat 45, 2230 Ramsel (Herselt);0494 70 19 06;marvacornelis@hotmail.com;TODO
't Graantje (Brood- & banketbakkerijen);Landwaartslaan 14, 3600 Genk;0497 61 95 74;TODO;TODO
't Graantje (Brood- & banketbakkerijen);Moorselbaan 225, 9300 Aalst;053 41 75 01;bakkerijtgraantje@gmail.com;TODO
't Graantje (Brood- & banketbakkerijen);Jaak Embrechtsstraat 2, 2100 Deurne (Antwerpen);TODO;TODO;TODO
't Haegske;Haagstraat 9, 3650 Rotem (Dilsen-Stokkem);089 75 50 44;bakkerij@haegske.be;www.haegske.be
't hoekske - bakkerij - tearoom (Brood- & banketbakkerijen);Centrumlaan 99, 9800 Petegem-aan-de-Leie (Deinze);09 386 95 78;TODO;TODO
't Kadetje (Brood- & banketbakkerijen);Geerdegem Schonenberg 17, 2800 Mechelen;015 42 33 01;TODO;TODO
't Klaverken (Brood- & banketbakkerijen);Holstraat 96, 9000 Gent;09 223 13 73;patrick.de.brauwer@telenet.be;TODO
't Klokje (Brood- & banketbakkerijen);Kerkstraat 18, 2560 Nijlen;03 481 84 79;TODO;TODO
't Koekestutje (Brood- & banketbakkerijen);Binnenstraat 199-201, 9300 Aalst;053 70 55 80;TODO;TODO
't Koffiekoekje (Brood- & banketbakkerijen);Bosstraat 49, 3680 Maaseik;089 56 40 66;TODO;TODO
't Koffiekoekje (Brood- & banketbakkerijen);Hemelingenstraat 14, 3700 Tongeren;012 23 87 14;TODO;TODO
't Koffiekoekje (Brood- & banketbakkerijen);Kerkstraat 63, 3920 Lommel;011 55 59 38;TODO;TODO
't Koffiekoekje (Brood- & banketbakkerijen);Rootenstraat 21 b5, 3600 Genk;089 35 69 35;info@koffiekoekje.be;www.koffiekoekje.be
't Koningsplein (Brood- & banketbakkerijen);Koninklijke Baan 8, 8660 De Panne;058 41 16 22;TODO;TODO
't Korentje (Brood- & banketbakkerijen);Pastoriestraat 73, 8200 Sint-Andries (Brugge);050 31 49 85;TODO;TODO
't Kramiekje (Brood- & banketbakkerijen);Stationsstraat 65, 9185 Wachtebeke;09 345 90 39;TODO;TODO
't Kramiekske (Brood- & banketbakkerijen);Statiestraat 39, 9260 Wichelen;052 42 39 60;tkramiekske@telenet.be;TODO
't Kramiekske (Brood- & banketbakkerijen);Denderstraat 47, 9500 Geraardsbergen;054 41 94 39;TODO;TODO
't Kramieksken (Brood- & banketbakkerijen);Smetlededorp 14, 9340 Smetlede (Lede);TODO;TODO;TODO
't Krokant (Brood- & banketbakkerijen);Kasteelstraat 74, 8660 De Panne;058 41 17 37;TODO;TODO
't Krokantje (Brood- & banketbakkerijen);Brusselsestraat 126, 3000 Leuven;016 22 62 35;info@t-krokantje.be;TODO
't Krokantje (Brood- & banketbakkerijen);Hof ter Mullenstraat 20, 1700 Dilbeek;TODO;TODO;TODO
't Krokantje (Brood- & banketbakkerijen);Grote Steenweg 119A, 9870 Olsene (Zulte);09 388 46 00;tkrokantje.olsene@telenet.be;TODO
't Kruimelke (Brood- & banketbakkerijen);Diestsesteenweg 182, 3010 Kessel-Lo (Leuven);TODO;TODO;TODO
't Kruimeltje (Brood- & banketbakkerijen);Naamsesteenweg 210, 3001 Heverlee (Leuven);016 40 59 97;TODO;TODO
't Latems Broodatelier (Brood- & banketbakkerijen);Maenhoutstraat 73, 9830 Sint-Martens-Latem;TODO;TODO;TODO
't Meulentje (Brood- & banketbakkerijen);Hogestraat 107, 8870 Kachtem (Izegem);TODO;TODO;TODO
't Molentje (Brood- & banketbakkerijen);Madridstraat 7, 8400 Oostende;059 50 33 53;TODO;TODO
't Molentje (Brood- & banketbakkerijen);Peerderbaan 50, 3910 Sint-Huibrechts-Lille (Neerpelt);011 64 42 34;info@bakkerij-tmolentje.be;www.bakkerij-tmolentje.be
't Motehof (Brood- & banketbakkerijen);Meiboomstraat 2, 8830 Hooglede;051 22 36 54;TODO;TODO
't Neerland (Brood- & banketbakkerijen);Auditoriumlaan 27, 2610 Wilrijk (Antwerpen);03 828 90 10;TODO;TODO
't Ontbijtkorfje (Brood- & banketbakkerijen);Aarschotsebaan 87, 2590 Berlaar;015 24 61 30;info@ontbijtkorfje.be;www.ontbijtkorfje.be
't Ooievaartje (Brood- & banketbakkerijen);Leuvensesteenweg 224, 3390 Sint-Joris-Winge (Tielt-Winge);TODO;TODO;TODO
'T Oud Bakkerijtje (Brood- & banketbakkerijen);Hogeheerweg 29, 9051 Sint-Denijs-Westrem - Afsnee (Gent);TODO;oudbakkerijtje@hotmail.com;TODO
't Ovenbuur (Brood- & banketbakkerijen);Hoogstraat 29, 8531 Bavikhove (Harelbeke);056 71 07 64;TODO;TODO
't Ovenhuisje (Brood- & banketbakkerijen);Schoolstraat 35, 9255 Buggenhout;0475 31 11 32;TODO;TODO
't Oventje (Brood- & banketbakkerijen);Ooststraat 34, 8630 Veurne;058 31 64 67;TODO;TODO
't Oventje (Brood- & banketbakkerijen);Marktstraat 2, 3600 Genk;089 36 44 92;keruma@telenet.be;www.oventje.be
't Oventje (Brood- & banketbakkerijen);Zonnebeekseweg 41, 8900 Ieper;057 20 43 13;TODO;TODO
't Oventje (Brood- & banketbakkerijen);Inakker 55, 3550 Zolder (Heusden-Zolder);TODO;TODO;TODO
't Oventje (Brood- & banketbakkerijen);Opitterstraat 30, 3960 Bree;089 47 31 50;TODO;www.facebook.com/pages/t-Oventje/304694316266242
't Palletje (Brood- & banketbakkerijen);Michielsplein 48, 3930 Achel (Hamont-Achel);011 64 18 49;info@patisseriekwanten-vanesch.be;www.patisseriekwanten-vanesch.be
't Pateeke (Brood- & banketbakkerijen);Grote Baan 294, 3150 Wespelaar (Haacht);016 60 21 33;t-pateeke@telenet.be;www.pateeke.be
't Pattientje (Brood- & banketbakkerijen);Kortrijksesteenweg 1, 8530 Harelbeke;056 70 27 82;TODO;TODO
'T Pistoleeke (Brood- & banketbakkerijen);Itegemseweg 35, 2222 Wiekevorst (Heist-op-den-Berg);014 26 41 77;TODO;www.facebook.com/pistoleekewiekevorst
't Pistoleke (Brood- & banketbakkerijen);Paalstraat 201, 2900 Schoten;03 644 67 08;pistoleke@gmail.com;www.pistoleke.be
't Pleintje (Brood- & banketbakkerijen);Kiezelstraat 173, 3500 Hasselt;011 22 88 40;TODO;TODO
'T Putje (Brood- & banketbakkerijen);Lisseweegse Steenweg 97, 8380 Zeebrugge (Brugge);050 54 58 06;info@bakkerij-putje.be;www.bakkerij-putje.be
't Schepdaals Soethuys (Brood- & banketbakkerijen);E. Eylenboschstraat 62, 1703 Schepdaal (Dilbeek);02 567 05 72;TODO;TODO
't S.M.A.K 't (Snack-bars);Rijselstraat 39, 8800 Roeselare;051 24 89 04;TODO;TODO
't Stenen Oventje (Brood- & banketbakkerijen);Gentstraat 65, 8770 Ingelmunster;051 30 68 65;TODO;TODO
't Stokbroodje (Brood- & banketbakkerijen);Sint-Pietersnieuwstraat 7, 9000 Gent;09 224 36 23;info@stokbroodje.be;www.stokbroodje.be
't Stokbroodje (Brood- & banketbakkerijen);Oostrozebeeksestraat 2B, 8710 Ooigem (Wielsbeke);056 66 22 20;TODO;TODO
't Studentje (Brood- & banketbakkerijen);Brusselsepoortstraat 150, 9000 Gent;09 233 12 23;TODO;TODO
't Suikerhuys (Brood- & banketbakkerijen);Hospitaalstraat 1, 3900 Overpelt;011 64 83 80;cathy.vanmechelen@gmail.com;www.suikerhuys.be
't Verloore Brood (Brood- & banketbakkerijen);Patersstraat 69, 2300 Turnhout;014 70 58 64;info@verloorebrood.be;www.verloorebrood.be
't Vrije (Brood- & banketbakkerijen);Warandestraat 68, 8560 Moorsele (Wevelgem);056 40 18 31;TODO;TODO
't Wafelhuisje (Brood- & banketbakkerijen);Zavelstraat 35, 2400 Mol;014 72 44 34;roeland0800@telenet.be;TODO
't Warot (Brood- & banketbakkerijen);Warotstraat 6A, 3020 Winksele (Herent);016 49 02 00;TODO;TODO
't Zoetebekje (Brood- & banketbakkerijen);Eigenstraat 33, 9450 Denderhoutem (Haaltert);053 83 15 85;herzeel.c@skynet.be;TODO
't Zoetebekje (Brood- & banketbakkerijen);Eigenstraat 33 b1, 9450 Denderhoutem (Haaltert);053 83 15 85;TODO;TODO
't Zoetemoendje (Brood- & banketbakkerijen);Boekweitstraat 5, 8600 Diksmuide;0468 13 65 80;tzoetemoendje@telenet.be;www.tzoetemoendje.be
'T Zonneke (Brood- & banketbakkerijen);Antwerpsesteenweg 212, 2500 Lier;03 488 47 48;TODO;TODO
3 B's (De) (Brood- & banketbakkerijen);Strandlaan 278, 8670 Koksijde;058 51 16 04;info@dedriebs.be;www.dedriebs.be
6ième Sens (Brood- & banketbakkerijen);Pont de Wandre 15, 4020 Wandre (Liège);TODO;TODO;TODO
Abbaye de Bonne-Esperance (Brood- & banketbakkerijen);Rue Grégoire Jurion 22, 7120 Vellereille-les-Brayeux (Estinnes);064 36 62 02;moulin.be@gmail.com;www.moulin-bonne-esperance.be
